{
  "m5d.16xlarge": { "memory": "262144 MB", "networkPerformance": "20 Gigabit" },
  "r5a.16xlarge": { "memory": "524288 MB", "networkPerformance": "12 Gigabit" },
  "r5a.xlarge": { "memory": "32768 MB", "networkPerformance": "Up to 10 Gigabit" },
  "r6g.16xlarge": { "memory": "524288 MB", "networkPerformance": "25 Gigabit" },
  "c4.8xlarge": { "memory": "61440 MB", "networkPerformance": "10 Gigabit" },
  "m5d.xlarge": { "memory": "16384 MB", "networkPerformance": "Up to 10 Gigabit" },
  "c5n.4xlarge": { "memory": "43008 MB", "networkPerformance": "Up to 25 Gigabit" },
  "r5.24xlarge": { "memory": "786432 MB", "networkPerformance": "25 Gigabit" },
  "g4dn.12xlarge": { "memory": "196608 MB", "networkPerformance": "50 Gigabit" },
  "c4.4xlarge": { "memory": "30720 MB", "networkPerformance": "High" },
  "x1e.32xlarge": { "memory": "3997696 MB", "networkPerformance": "25 Gigabit" },
  "m5d.large": { "memory": "8192 MB", "networkPerformance": "Up to 10 Gigabit" },
  "i3en.3xlarge": { "memory": "98304 MB", "networkPerformance": "Up to 25 Gigabit" },
  "g3.16xlarge": { "memory": "499712 MB", "networkPerformance": "25 Gigabit" },
  "t2.2xlarge": { "memory": "32768 MB", "networkPerformance": "Moderate" },
  "m5dn.large": { "memory": "8192 MB", "networkPerformance": "Up to 25 Gigabit" },
  "c5d.12xlarge": { "memory": "98304 MB", "networkPerformance": "12 Gigabit" },
  "m5a.16xlarge": { "memory": "262144 MB", "networkPerformance": "12 Gigabit" },
  "x1e.8xlarge": { "memory": "999424 MB", "networkPerformance": "Up to 10 Gigabit" },
  "c6g.16xlarge": { "memory": "131072 MB", "networkPerformance": "25 Gigabit" },
  "r5n.12xlarge": { "memory": "393216 MB", "networkPerformance": "50 Gigabit" },
  "m6gd.12xlarge": { "memory": "196608 MB", "networkPerformance": "20 Gigabit" },
  "m5a.2xlarge": { "memory": "32768 MB", "networkPerformance": "Up to 10 Gigabit" },
  "t3.2xlarge": { "memory": "32768 MB", "networkPerformance": "Up to 5 Gigabit" },
  "r5a.12xlarge": { "memory": "393216 MB", "networkPerformance": "10 Gigabit" },
  "c6g.12xlarge": { "memory": "98304 MB", "networkPerformance": "20 Gigabit" },
  "r6gd.xlarge": { "memory": "32768 MB", "networkPerformance": "Up to 10 Gigabit" },
  "m6gd.4xlarge": { "memory": "65536 MB", "networkPerformance": "Up to 10 Gigabit" },
  "m5d.8xlarge": { "memory": "131072 MB", "networkPerformance": "10 Gigabit" },
  "c3.large": { "memory": "3840 MB", "networkPerformance": "Moderate" },
  "m5ad.large": { "memory": "8192 MB", "networkPerformance": "Up to 10 Gigabit" },
  "a1.medium": { "memory": "2048 MB", "networkPerformance": "Up to 10 Gigabit" },
  "c3.8xlarge": { "memory": "61440 MB", "networkPerformance": "10 Gigabit" },
  "c6g.xlarge": { "memory": "8192 MB", "networkPerformance": "Up to 10 Gigabit" },
  "r5ad.8xlarge": { "memory": "262144 MB", "networkPerformance": "Up to 10 Gigabit" },
  "m5dn.2xlarge": { "memory": "32768 MB", "networkPerformance": "Up to 25 Gigabit" },
  "i3en.12xlarge": { "memory": "393216 MB", "networkPerformance": "50 Gigabit" },
  "m6gd.xlarge": { "memory": "16384 MB", "networkPerformance": "Up to 10 Gigabit" },
  "m5ad.8xlarge": { "memory": "131072 MB", "networkPerformance": "Up to 10 Gigabit" },
  "m5ad.2xlarge": { "memory": "32768 MB", "networkPerformance": "Up to 10 Gigabit" },
  "x1.16xlarge": { "memory": "999424 MB", "networkPerformance": "10 Gigabit" },
  "m6gd.metal": { "memory": "262144 MB", "networkPerformance": "25 Gigabit" },
  "g4dn.metal": { "memory": "393216 MB", "networkPerformance": "100 Gigabit" },
  "r6gd.2xlarge": { "memory": "65536 MB", "networkPerformance": "Up to 10 Gigabit" },
  "m6g.xlarge": { "memory": "16384 MB", "networkPerformance": "Up to 10 Gigabit" },
  "m5dn.8xlarge": { "memory": "131072 MB", "networkPerformance": "25 Gigabit" },
  "p2.8xlarge": { "memory": "499712 MB", "networkPerformance": "10 Gigabit" },
  "r6g.large": { "memory": "16384 MB", "networkPerformance": "Up to 10 Gigabit" },
  "z1d.xlarge": { "memory": "32768 MB", "networkPerformance": "Up to 10 Gigabit" },
  "i3en.24xlarge": { "memory": "786432 MB", "networkPerformance": "100 Gigabit" },
  "r3.large": { "memory": "15360 MB", "networkPerformance": "Moderate" },
  "d2.2xlarge": { "memory": "62464 MB", "networkPerformance": "High" },
  "r6g.medium": { "memory": "8192 MB", "networkPerformance": "Up to 10 Gigabit" },
  "m6g.metal": { "memory": "262144 MB", "networkPerformance": "25 Gigabit" },
  "r5ad.24xlarge": { "memory": "786432 MB", "networkPerformance": "20 Gigabit" },
  "c5a.4xlarge": { "memory": "32768 MB", "networkPerformance": "Up to 10 Gigabit" },
  "m5ad.12xlarge": { "memory": "196608 MB", "networkPerformance": "10 Gigabit" },
  "r6gd.large": { "memory": "16384 MB", "networkPerformance": "Up to 10 Gigabit" },
  "m5.24xlarge": { "memory": "393216 MB", "networkPerformance": "25 Gigabit" },
  "t3a.small": { "memory": "2048 MB", "networkPerformance": "Up to 5 Gigabit" },
  "m5.8xlarge": { "memory": "131072 MB", "networkPerformance": "10 Gigabit" },
  "m5a.4xlarge": { "memory": "65536 MB", "networkPerformance": "Up to 10 Gigabit" },
  "c5.xlarge": { "memory": "8192 MB", "networkPerformance": "Up to 10 Gigabit" },
  "m5.metal": { "memory": "393216 MB", "networkPerformance": "25 Gigabit" },
  "c5n.large": { "memory": "5376 MB", "networkPerformance": "Up to 25 Gigabit" },
  "m5.12xlarge": { "memory": "196608 MB", "networkPerformance": "10 Gigabit" },
  "c5d.large": { "memory": "4096 MB", "networkPerformance": "Up to 10 Gigabit" },
  "m2.4xlarge": { "memory": "70041 MB", "networkPerformance": "High" },
  "m5dn.12xlarge": { "memory": "196608 MB", "networkPerformance": "50 Gigabit" },
  "m5.xlarge": { "memory": "16384 MB", "networkPerformance": "Up to 10 Gigabit" },
  "x1e.2xlarge": { "memory": "249856 MB", "networkPerformance": "Up to 10 Gigabit" },
  "m5n.16xlarge": { "memory": "262144 MB", "networkPerformance": "75 Gigabit" },
  "r5ad.12xlarge": { "memory": "393216 MB", "networkPerformance": "10 Gigabit" },
  "c5a.12xlarge": { "memory": "98304 MB", "networkPerformance": "12 Gigabit" },
  "c6gd.metal": { "memory": "131072 MB", "networkPerformance": "25 Gigabit" },
  "t3.xlarge": { "memory": "16384 MB", "networkPerformance": "Up to 5 Gigabit" },
  "f1.2xlarge": { "memory": "124928 MB", "networkPerformance": "Up to 10 Gigabit" },
  "r6gd.medium": { "memory": "8192 MB", "networkPerformance": "Up to 10 Gigabit" },
  "r5a.large": { "memory": "16384 MB", "networkPerformance": "Up to 10 Gigabit" },
  "r5dn.8xlarge": { "memory": "262144 MB", "networkPerformance": "25 Gigabit" },
  "c5n.2xlarge": { "memory": "21504 MB", "networkPerformance": "Up to 25 Gigabit" },
  "t1.micro": { "memory": "627 MB", "networkPerformance": "Very Low" },
  "r3.8xlarge": { "memory": "249856 MB", "networkPerformance": "10 Gigabit" },
  "z1d.2xlarge": { "memory": "65536 MB", "networkPerformance": "Up to 10 Gigabit" },
  "r5a.2xlarge": { "memory": "65536 MB", "networkPerformance": "Up to 10 Gigabit" },
  "c5d.2xlarge": { "memory": "16384 MB", "networkPerformance": "Up to 10 Gigabit" },
  "inf1.xlarge": { "memory": "8192 MB", "networkPerformance": "Up to 25 Gigabit" },
  "t3a.2xlarge": { "memory": "32768 MB", "networkPerformance": "Up to 5 Gigabit" },
  "m5ad.4xlarge": { "memory": "65536 MB", "networkPerformance": "Up to 10 Gigabit" },
  "m4.4xlarge": { "memory": "65536 MB", "networkPerformance": "High" },
  "r5n.4xlarge": { "memory": "131072 MB", "networkPerformance": "Up to 25 Gigabit" },
  "i2.2xlarge": { "memory": "62464 MB", "networkPerformance": "High" },
  "m2.2xlarge": { "memory": "35020 MB", "networkPerformance": "Moderate" },
  "m5dn.xlarge": { "memory": "16384 MB", "networkPerformance": "Up to 25 Gigabit" },
  "m6gd.medium": { "memory": "4096 MB", "networkPerformance": "Up to 10 Gigabit" },
  "m5d.metal": { "memory": "393216 MB", "networkPerformance": "25 Gigabit" },
  "r4.16xlarge": { "memory": "499712 MB", "networkPerformance": "25 Gigabit" },
  "c5.4xlarge": { "memory": "32768 MB", "networkPerformance": "Up to 10 Gigabit" },
  "r6g.8xlarge": { "memory": "262144 MB", "networkPerformance": "12 Gigabit" },
  "d2.8xlarge": { "memory": "249856 MB", "networkPerformance": "10 Gigabit" },
  "m5n.8xlarge": { "memory": "131072 MB", "networkPerformance": "25 Gigabit" },
  "r5d.24xlarge": { "memory": "786432 MB", "networkPerformance": "25 Gigabit" },
  "r3.xlarge": { "memory": "31232 MB", "networkPerformance": "Moderate" },
  "c3.xlarge": { "memory": "7680 MB", "networkPerformance": "Moderate" },
  "c5.12xlarge": { "memory": "98304 MB", "networkPerformance": "12 Gigabit" },
  "r6g.12xlarge": { "memory": "393216 MB", "networkPerformance": "20 Gigabit" },
  "c5d.4xlarge": { "memory": "32768 MB", "networkPerformance": "Up to 10 Gigabit" },
  "m6g.4xlarge": { "memory": "65536 MB", "networkPerformance": "Up to 10 Gigabit" },
  "m5n.large": { "memory": "8192 MB", "networkPerformance": "Up to 25 Gigabit" },
  "h1.4xlarge": { "memory": "65536 MB", "networkPerformance": "Up to 10 Gigabit" },
  "r5d.xlarge": { "memory": "32768 MB", "networkPerformance": "Up to 10 Gigabit" },
  "m5d.24xlarge": { "memory": "393216 MB", "networkPerformance": "25 Gigabit" },
  "c5d.24xlarge": { "memory": "196608 MB", "networkPerformance": "25 Gigabit" },
  "m4.large": { "memory": "8192 MB", "networkPerformance": "Moderate" },
  "m5a.8xlarge": { "memory": "131072 MB", "networkPerformance": "Up to 10 Gigabit" },
  "m5ad.xlarge": { "memory": "16384 MB", "networkPerformance": "Up to 10 Gigabit" },
  "a1.xlarge": { "memory": "8192 MB", "networkPerformance": "Up to 10 Gigabit" },
  "r5.4xlarge": { "memory": "131072 MB", "networkPerformance": "Up to 10 Gigabit" },
  "h1.2xlarge": { "memory": "32768 MB", "networkPerformance": "Up to 10 Gigabit" },
  "r5dn.xlarge": { "memory": "32768 MB", "networkPerformance": "Up to 25 Gigabit" },
  "m6gd.16xlarge": { "memory": "262144 MB", "networkPerformance": "25 Gigabit" },
  "c4.large": { "memory": "3840 MB", "networkPerformance": "Moderate" },
  "r5d.8xlarge": { "memory": "262144 MB", "networkPerformance": "10 Gigabit" },
  "r5a.4xlarge": { "memory": "131072 MB", "networkPerformance": "Up to 10 Gigabit" },
  "c5d.18xlarge": { "memory": "147456 MB", "networkPerformance": "25 Gigabit" },
  "a1.2xlarge": { "memory": "16384 MB", "networkPerformance": "Up to 10 Gigabit" },
  "r6gd.metal": { "memory": "524288 MB", "networkPerformance": "25 Gigabit" },
  "m1.xlarge": { "memory": "15360 MB", "networkPerformance": "High" },
  "r5n.16xlarge": { "memory": "524288 MB", "networkPerformance": "75 Gigabit" },
  "r3.2xlarge": { "memory": "62464 MB", "networkPerformance": "High" },
  "a1.large": { "memory": "4096 MB", "networkPerformance": "Up to 10 Gigabit" },
  "r3.4xlarge": { "memory": "124928 MB", "networkPerformance": "High" },
  "i3.xlarge": { "memory": "31232 MB", "networkPerformance": "Up to 10 Gigabit" },
  "m5n.4xlarge": { "memory": "65536 MB", "networkPerformance": "Up to 25 Gigabit" },
  "g3.8xlarge": { "memory": "249856 MB", "networkPerformance": "10 Gigabit" },
  "g2.2xlarge": { "memory": "15360 MB", "networkPerformance": "Moderate" },
  "r5n.24xlarge": { "memory": "786432 MB", "networkPerformance": "100 Gigabit" },
  "c5a.xlarge": { "memory": "8192 MB", "networkPerformance": "Up to 10 Gigabit" },
  "c5n.9xlarge": { "memory": "98304 MB", "networkPerformance": "50 Gigabit" },
  "r6gd.8xlarge": { "memory": "262144 MB", "networkPerformance": "12 Gigabit" },
  "c6gd.16xlarge": { "memory": "131072 MB", "networkPerformance": "25 Gigabit" },
  "h1.8xlarge": { "memory": "131072 MB", "networkPerformance": "10 Gigabit" },
  "r5ad.large": { "memory": "16384 MB", "networkPerformance": "Up to 10 Gigabit" },
  "inf1.2xlarge": { "memory": "16384 MB", "networkPerformance": "Up to 25 Gigabit" },
  "r5d.2xlarge": { "memory": "65536 MB", "networkPerformance": "Up to 10 Gigabit" },
  "r5.metal": { "memory": "786432 MB", "networkPerformance": "25 Gigabit" },
  "c5a.16xlarge": { "memory": "131072 MB", "networkPerformance": "20 Gigabit" },
  "m4.xlarge": { "memory": "16384 MB", "networkPerformance": "High" },
  "r4.2xlarge": { "memory": "62464 MB", "networkPerformance": "Up to 10 Gigabit" },
  "t3.large": { "memory": "8192 MB", "networkPerformance": "Up to 5 Gigabit" },
  "c5a.24xlarge": { "memory": "196608 MB", "networkPerformance": "20 Gigabit" },
  "r5n.2xlarge": { "memory": "65536 MB", "networkPerformance": "Up to 25 Gigabit" },
  "z1d.12xlarge": { "memory": "393216 MB", "networkPerformance": "25 Gigabit" },
  "r5d.4xlarge": { "memory": "131072 MB", "networkPerformance": "Up to 10 Gigabit" },
  "t3.micro": { "memory": "1024 MB", "networkPerformance": "Up to 5 Gigabit" },
  "c5.9xlarge": { "memory": "73728 MB", "networkPerformance": "10 Gigabit" },
  "c5.metal": { "memory": "196608 MB", "networkPerformance": "25 Gigabit" },
  "m5ad.24xlarge": { "memory": "393216 MB", "networkPerformance": "20 Gigabit" },
  "t3a.large": { "memory": "8192 MB", "networkPerformance": "Up to 5 Gigabit" },
  "r6gd.4xlarge": { "memory": "131072 MB", "networkPerformance": "Up to 10 Gigabit" },
  "m4.16xlarge": { "memory": "262144 MB", "networkPerformance": "25 Gigabit" },
  "r5d.16xlarge": { "memory": "524288 MB", "networkPerformance": "20 Gigabit" },
  "a1.metal": { "memory": "32768 MB", "networkPerformance": "Up to 10 Gigabit" },
  "m5n.12xlarge": { "memory": "196608 MB", "networkPerformance": "50 Gigabit" },
  "m6g.12xlarge": { "memory": "196608 MB", "networkPerformance": "20 Gigabit" },
  "r5ad.16xlarge": { "memory": "524288 MB", "networkPerformance": "12 Gigabit" },
  "c5n.18xlarge": { "memory": "196608 MB", "networkPerformance": "100 Gigabit" },
  "r5.large": { "memory": "16384 MB", "networkPerformance": "Up to 10 Gigabit" },
  "c5a.2xlarge": { "memory": "16384 MB", "networkPerformance": "Up to 10 Gigabit" },
  "c5.24xlarge": { "memory": "196608 MB", "networkPerformance": "25 Gigabit" },
  "h1.16xlarge": { "memory": "262144 MB", "networkPerformance": "25 Gigabit" },
  "r5dn.large": { "memory": "16384 MB", "networkPerformance": "Up to 25 Gigabit" },
  "c1.medium": { "memory": "1740 MB", "networkPerformance": "Moderate" },
  "g4dn.xlarge": { "memory": "16384 MB", "networkPerformance": "Up to 25 Gigabit" },
  "m3.xlarge": { "memory": "15360 MB", "networkPerformance": "High" },
  "m6g.large": { "memory": "8192 MB", "networkPerformance": "Up to 10 Gigabit" },
  "c6g.large": { "memory": "4096 MB", "networkPerformance": "Up to 10 Gigabit" },
  "t3.medium": { "memory": "4096 MB", "networkPerformance": "Up to 5 Gigabit" },
  "t2.micro": { "memory": "1024 MB", "networkPerformance": "Low to Moderate" },
  "c4.xlarge": { "memory": "7680 MB", "networkPerformance": "High" },
  "t3.nano": { "memory": "512 MB", "networkPerformance": "Up to 5 Gigabit" },
  "t3a.medium": { "memory": "4096 MB", "networkPerformance": "Up to 5 Gigabit" },
  "r5.8xlarge": { "memory": "262144 MB", "networkPerformance": "10 Gigabit" },
  "r5.xlarge": { "memory": "32768 MB", "networkPerformance": "Up to 10 Gigabit" },
  "z1d.metal": { "memory": "393216 MB", "networkPerformance": "25 Gigabit" },
  "r5d.large": { "memory": "16384 MB", "networkPerformance": "Up to 10 Gigabit" },
  "r5ad.2xlarge": { "memory": "65536 MB", "networkPerformance": "Up to 10 Gigabit" },
  "inf1.6xlarge": { "memory": "49152 MB", "networkPerformance": "25 Gigabit" },
  "r4.xlarge": { "memory": "31232 MB", "networkPerformance": "Up to 10 Gigabit" },
  "c6gd.xlarge": { "memory": "8192 MB", "networkPerformance": "Up to 10 Gigabit" },
  "m6g.8xlarge": { "memory": "131072 MB", "networkPerformance": "12 Gigabit" },
  "c4.2xlarge": { "memory": "15360 MB", "networkPerformance": "High" },
  "p3.2xlarge": { "memory": "62464 MB", "networkPerformance": "Up to 10 Gigabit" },
  "c1.xlarge": { "memory": "7168 MB", "networkPerformance": "High" },
  "m5.4xlarge": { "memory": "65536 MB", "networkPerformance": "Up to 10 Gigabit" },
  "t2.large": { "memory": "8192 MB", "networkPerformance": "Low to Moderate" },
  "i2.xlarge": { "memory": "31232 MB", "networkPerformance": "Moderate" },
  "r5.16xlarge": { "memory": "524288 MB", "networkPerformance": "20 Gigabit" },
  "r6g.4xlarge": { "memory": "131072 MB", "networkPerformance": "Up to 10 Gigabit" },
  "g3.4xlarge": { "memory": "124928 MB", "networkPerformance": "Up to 10 Gigabit" },
  "r5.12xlarge": { "memory": "393216 MB", "networkPerformance": "10 Gigabit" },
  "m5n.xlarge": { "memory": "16384 MB", "networkPerformance": "Up to 25 Gigabit" },
  "t2.nano": { "memory": "512 MB", "networkPerformance": "Low to Moderate" },
  "x1e.xlarge": { "memory": "124928 MB", "networkPerformance": "Up to 10 Gigabit" },
  "i2.4xlarge": { "memory": "124928 MB", "networkPerformance": "High" },
  "c3.2xlarge": { "memory": "15360 MB", "networkPerformance": "High" },
  "r6gd.16xlarge": { "memory": "524288 MB", "networkPerformance": "25 Gigabit" },
  "c6gd.4xlarge": { "memory": "32768 MB", "networkPerformance": "Up to 10 Gigabit" },
  "i3.metal": { "memory": "524288 MB", "networkPerformance": "25 Gigabit" },
  "p3.8xlarge": { "memory": "249856 MB", "networkPerformance": "10 Gigabit" },
  "m5.16xlarge": { "memory": "262144 MB", "networkPerformance": "20 Gigabit" },
  "r6gd.12xlarge": { "memory": "393216 MB", "networkPerformance": "20 Gigabit" },
  "c5.2xlarge": { "memory": "16384 MB", "networkPerformance": "Up to 10 Gigabit" },
  "g4dn.16xlarge": { "memory": "262144 MB", "networkPerformance": "50 Gigabit" },
  "m6gd.large": { "memory": "8192 MB", "networkPerformance": "Up to 10 Gigabit" },
  "m5d.4xlarge": { "memory": "65536 MB", "networkPerformance": "Up to 10 Gigabit" },
  "r5ad.4xlarge": { "memory": "131072 MB", "networkPerformance": "Up to 10 Gigabit" },
  "i3.16xlarge": { "memory": "499712 MB", "networkPerformance": "25 Gigabit" },
  "r5dn.2xlarge": { "memory": "65536 MB", "networkPerformance": "Up to 25 Gigabit" },
  "r6g.2xlarge": { "memory": "65536 MB", "networkPerformance": "Up to 10 Gigabit" },
  "c5.large": { "memory": "4096 MB", "networkPerformance": "Up to 10 Gigabit" },
  "m2.xlarge": { "memory": "17510 MB", "networkPerformance": "Moderate" },
  "t3a.nano": { "memory": "512 MB", "networkPerformance": "Up to 5 Gigabit" },
  "r5d.metal": { "memory": "786432 MB", "networkPerformance": "25 Gigabit" },
  "inf1.24xlarge": { "memory": "196608 MB", "networkPerformance": "100 Gigabit" },
  "t2.small": { "memory": "2048 MB", "networkPerformance": "Low to Moderate" },
  "r5n.xlarge": { "memory": "32768 MB", "networkPerformance": "Up to 25 Gigabit" },
  "i3.4xlarge": { "memory": "124928 MB", "networkPerformance": "Up to 10 Gigabit" },
  "m4.2xlarge": { "memory": "32768 MB", "networkPerformance": "High" },
  "c6g.2xlarge": { "memory": "16384 MB", "networkPerformance": "Up to 10 Gigabit" },
  "i3en.xlarge": { "memory": "32768 MB", "networkPerformance": "Up to 25 Gigabit" },
  "c6gd.2xlarge": { "memory": "16384 MB", "networkPerformance": "Up to 10 Gigabit" },
  "m5a.24xlarge": { "memory": "393216 MB", "networkPerformance": "20 Gigabit" },
  "c5d.metal": { "memory": "196608 MB", "networkPerformance": "25 Gigabit" },
  "c6gd.medium": { "memory": "2048 MB", "networkPerformance": "Up to 10 Gigabit" },
  "m5dn.16xlarge": { "memory": "262144 MB", "networkPerformance": "75 Gigabit" },
  "r5a.24xlarge": { "memory": "786432 MB", "networkPerformance": "20 Gigabit" },
  "p3.16xlarge": { "memory": "499712 MB", "networkPerformance": "25 Gigabit" },
  "x1e.16xlarge": { "memory": "1998848 MB", "networkPerformance": "10 Gigabit" },
  "t3.small": { "memory": "2048 MB", "networkPerformance": "Up to 5 Gigabit" },
  "g3s.xlarge": { "memory": "31232 MB", "networkPerformance": "Up to 10 Gigabit" },
  "r6g.metal": { "memory": "524288 MB", "networkPerformance": "25 Gigabit" },
  "p2.16xlarge": { "memory": "749568 MB", "networkPerformance": "25 Gigabit" },
  "m6g.medium": { "memory": "4096 MB", "networkPerformance": "Up to 10 Gigabit" },
  "m5.large": { "memory": "8192 MB", "networkPerformance": "Up to 10 Gigabit" },
  "m5a.xlarge": { "memory": "16384 MB", "networkPerformance": "Up to 10 Gigabit" },
  "m5dn.4xlarge": { "memory": "65536 MB", "networkPerformance": "Up to 25 Gigabit" },
  "c6g.medium": { "memory": "2048 MB", "networkPerformance": "Up to 10 Gigabit" },
  "d2.4xlarge": { "memory": "124928 MB", "networkPerformance": "High" },
  "i3.large": { "memory": "15616 MB", "networkPerformance": "Up to 10 Gigabit" },
  "r4.large": { "memory": "15616 MB", "networkPerformance": "Up to 10 Gigabit" },
  "c5n.xlarge": { "memory": "10752 MB", "networkPerformance": "Up to 25 Gigabit" },
  "r5a.8xlarge": { "memory": "262144 MB", "networkPerformance": "Up to 10 Gigabit" },
  "r5dn.12xlarge": { "memory": "393216 MB", "networkPerformance": "50 Gigabit" },
  "r4.4xlarge": { "memory": "124928 MB", "networkPerformance": "Up to 10 Gigabit" },
  "m5n.2xlarge": { "memory": "32768 MB", "networkPerformance": "Up to 25 Gigabit" },
  "m4.10xlarge": { "memory": "163840 MB", "networkPerformance": "10 Gigabit" },
  "i3en.large": { "memory": "16384 MB", "networkPerformance": "Up to 25 Gigabit" },
  "m6gd.8xlarge": { "memory": "131072 MB", "networkPerformance": "12 Gigabit" },
  "r6g.xlarge": { "memory": "32768 MB", "networkPerformance": "Up to 10 Gigabit" },
  "x1e.4xlarge": { "memory": "499712 MB", "networkPerformance": "Up to 10 Gigabit" },
  "r5d.12xlarge": { "memory": "393216 MB", "networkPerformance": "10 Gigabit" },
  "r4.8xlarge": { "memory": "249856 MB", "networkPerformance": "10 Gigabit" },
  "a1.4xlarge": { "memory": "32768 MB", "networkPerformance": "Up to 10 Gigabit" },
  "z1d.3xlarge": { "memory": "98304 MB", "networkPerformance": "Up to 10 Gigabit" },
  "m5dn.24xlarge": { "memory": "393216 MB", "networkPerformance": "100 Gigabit" },
  "t2.xlarge": { "memory": "16384 MB", "networkPerformance": "Moderate" },
  "i3.2xlarge": { "memory": "62464 MB", "networkPerformance": "Up to 10 Gigabit" },
  "c5n.metal": { "memory": "196608 MB", "networkPerformance": "100 Gigabit" },
  "m5.2xlarge": { "memory": "32768 MB", "networkPerformance": "Up to 10 Gigabit" },
  "r5dn.16xlarge": { "memory": "524288 MB", "networkPerformance": "75 Gigabit" },
  "i2.8xlarge": { "memory": "249856 MB", "networkPerformance": "10 Gigabit" },
  "m5n.24xlarge": { "memory": "393216 MB", "networkPerformance": "100 Gigabit" },
  "p2.xlarge": { "memory": "62464 MB", "networkPerformance": "High" },
  "x1.32xlarge": { "memory": "1998848 MB", "networkPerformance": "25 Gigabit" },
  "c6g.8xlarge": { "memory": "65536 MB", "networkPerformance": "12 Gigabit" },
  "z1d.large": { "memory": "16384 MB", "networkPerformance": "Up to 10 Gigabit" },
  "r5dn.4xlarge": { "memory": "131072 MB", "networkPerformance": "Up to 25 Gigabit" },
  "i3.8xlarge": { "memory": "249856 MB", "networkPerformance": "10 Gigabit" },
  "m5d.12xlarge": { "memory": "196608 MB", "networkPerformance": "10 Gigabit" },
  "i3en.2xlarge": { "memory": "65536 MB", "networkPerformance": "Up to 25 Gigabit" },
  "c6g.4xlarge": { "memory": "32768 MB", "networkPerformance": "Up to 10 Gigabit" },
  "m5a.large": { "memory": "8192 MB", "networkPerformance": "Up to 10 Gigabit" },
  "r5n.8xlarge": { "memory": "262144 MB", "networkPerformance": "25 Gigabit" },
  "z1d.6xlarge": { "memory": "196608 MB", "networkPerformance": "10 Gigabit" },
  "f1.16xlarge": { "memory": "999424 MB", "networkPerformance": "25 Gigabit" },
  "m5ad.16xlarge": { "memory": "262144 MB", "networkPerformance": "12 Gigabit" },
  "c5a.8xlarge": { "memory": "65536 MB", "networkPerformance": "10 Gigabit" },
  "c5d.xlarge": { "memory": "8192 MB", "networkPerformance": "Up to 10 Gigabit" },
  "t2.medium": { "memory": "4096 MB", "networkPerformance": "Low to Moderate" },
  "m6g.16xlarge": { "memory": "262144 MB", "networkPerformance": "25 Gigabit" },
  "r5ad.xlarge": { "memory": "32768 MB", "networkPerformance": "Up to 10 Gigabit" },
  "r5.2xlarge": { "memory": "65536 MB", "networkPerformance": "Up to 10 Gigabit" },
  "m3.large": { "memory": "7680 MB", "networkPerformance": "Moderate" },
  "m3.2xlarge": { "memory": "30720 MB", "networkPerformance": "High" },
  "m5d.2xlarge": { "memory": "32768 MB", "networkPerformance": "Up to 10 Gigabit" },
  "c3.4xlarge": { "memory": "30720 MB", "networkPerformance": "High" },
  "m6gd.2xlarge": { "memory": "32768 MB", "networkPerformance": "Up to 10 Gigabit" },
  "f1.4xlarge": { "memory": "249856 MB", "networkPerformance": "Up to 10 Gigabit" },
  "m3.medium": { "memory": "3840 MB", "networkPerformance": "Moderate" },
  "t3a.micro": { "memory": "1024 MB", "networkPerformance": "Up to 5 Gigabit" },
  "m1.medium": { "memory": "3788 MB", "networkPerformance": "Moderate" },
  "m1.large": { "memory": "7680 MB", "networkPerformance": "Moderate" },
  "c5a.large": { "memory": "4096 MB", "networkPerformance": "Up to 10 Gigabit" },
  "g4dn.8xlarge": { "memory": "131072 MB", "networkPerformance": "50 Gigabit" },
  "p3dn.24xlarge": { "memory": "786432 MB", "networkPerformance": "100 Gigabit" },
  "g4dn.4xlarge": { "memory": "65536 MB", "networkPerformance": "Up to 25 Gigabit" },
  "m6g.2xlarge": { "memory": "32768 MB", "networkPerformance": "Up to 10 Gigabit" },
  "d2.xlarge": { "memory": "31232 MB", "networkPerformance": "Moderate" },
  "cc2.8xlarge": { "memory": "61952 MB", "networkPerformance": "10 Gigabit" },
  "t3a.xlarge": { "memory": "16384 MB", "networkPerformance": "Up to 5 Gigabit" },
  "c6gd.8xlarge": { "memory": "65536 MB", "networkPerformance": "12 Gigabit" },
  "g2.8xlarge": { "memory": "61440 MB", "networkPerformance": "High" },
  "m1.small": { "memory": "1740 MB", "networkPerformance": "Low" },
  "r5dn.24xlarge": { "memory": "786432 MB", "networkPerformance": "100 Gigabit" },
  "c6gd.12xlarge": { "memory": "98304 MB", "networkPerformance": "20 Gigabit" },
  "i3en.6xlarge": { "memory": "196608 MB", "networkPerformance": "25 Gigabit" },
  "m5a.12xlarge": { "memory": "196608 MB", "networkPerformance": "10 Gigabit" },
  "i3en.metal": { "memory": "786432 MB", "networkPerformance": "100 Gigabit" },
  "c6gd.large": { "memory": "4096 MB", "networkPerformance": "Up to 10 Gigabit" },
  "g4dn.2xlarge": { "memory": "32768 MB", "networkPerformance": "Up to 25 Gigabit" },
  "c5.18xlarge": { "memory": "147456 MB", "networkPerformance": "25 Gigabit" },
  "c5d.9xlarge": { "memory": "73728 MB", "networkPerformance": "10 Gigabit" },
  "c6g.metal": { "memory": "131072 MB", "networkPerformance": "25 Gigabit" },
  "r5n.large": { "memory": "16384 MB", "networkPerformance": "Up to 25 Gigabit" },
  "c6a.12xlarge": { "memory": "98304 MB", "networkPerformance": "18.75 Gigabit" },
  "c6a.16xlarge": { "memory": "131072 MB", "networkPerformance": "25 Gigabit" },
  "c6a.24xlarge": { "memory": "196608 MB", "networkPerformance": "37.5 Gigabit" },
  "c6a.2xlarge": { "memory": "16384 MB", "networkPerformance": "Up to 12.5 Gigabit" },
  "c6a.32xlarge": { "memory": "262144 MB", "networkPerformance": "50 Gigabit" },
  "c6a.48xlarge": { "memory": "393216 MB", "networkPerformance": "50 Gigabit" },
  "c6a.4xlarge": { "memory": "32768 MB", "networkPerformance": "Up to 12.5 Gigabit" },
  "c6a.8xlarge": { "memory": "65536 MB", "networkPerformance": "12.5 Gigabit" },
  "c6a.large": { "memory": "4096 MB", "networkPerformance": "Up to 12.5 Gigabit" },
  "c6a.metal": { "memory": "393216 MB", "networkPerformance": "50 Gigabit" },
  "c6a.xlarge": { "memory": "8192 MB", "networkPerformance": "Up to 12.5 Gigabit" },
  "c6i.12xlarge": { "memory": "98304 MB", "networkPerformance": "18.75 Gigabit" },
  "c6i.16xlarge": { "memory": "131072 MB", "networkPerformance": "25 Gigabit" },
  "c6i.24xlarge": { "memory": "196608 MB", "networkPerformance": "37.5 Gigabit" },
  "c6i.2xlarge": { "memory": "16384 MB", "networkPerformance": "Up to 12.5 Gigabit" },
  "c6i.32xlarge": { "memory": "262144 MB", "networkPerformance": "50 Gigabit" },
  "c6i.4xlarge": { "memory": "32768 MB", "networkPerformance": "Up to 12.5 Gigabit" },
  "c6i.8xlarge": { "memory": "65536 MB", "networkPerformance": "12.5 Gigabit" },
  "c6i.large": { "memory": "4096 MB", "networkPerformance": "Up to 12.5 Gigabit" },
  "c6i.metal": { "memory": "262144 MB", "networkPerformance": "50 Gigabit" },
  "c6i.xlarge": { "memory": "8192 MB", "networkPerformance": "Up to 12.5 Gigabit" },
  "c6id.12xlarge": { "memory": "98304 MB", "networkPerformance": "18.75 Gigabit" },
  "c6id.16xlarge": { "memory": "131072 MB", "networkPerformance": "25 Gigabit" },
  "c6id.24xlarge": { "memory": "196608 MB", "networkPerformance": "37.5 Gigabit" },
  "c6id.2xlarge": { "memory": "16384 MB", "networkPerformance": "Up to 12.5 Gigabit" },
  "c6id.32xlarge": { "memory": "262144 MB", "networkPerformance": "50 Gigabit" },
  "c6id.4xlarge": { "memory": "32768 MB", "networkPerformance": "Up to 12.5 Gigabit" },
  "c6id.8xlarge": { "memory": "65536 MB", "networkPerformance": "12.5 Gigabit" },
  "c6id.large": { "memory": "4096 MB", "networkPerformance": "Up to 12.5 Gigabit" },
  "c6id.metal": { "memory": "262144 MB", "networkPerformance": "50 Gigabit" },
  "c6id.xlarge": { "memory": "8192 MB", "networkPerformance": "Up to 12.5 Gigabit" },
  "c6in.12xlarge": { "memory": "98304 MB", "networkPerformance": "75 Gigabit" },
  "c6in.16xlarge": { "memory": "131072 MB", "networkPerformance": "100 Gigabit" },
  "c6in.24xlarge": { "memory": "196608 MB", "networkPerformance": "150 Gigabit" },
  "c6in.2xlarge": { "memory": "16384 MB", "networkPerformance": "Up to 40 Gigabit" },
  "c6in.32xlarge": { "memory": "262144 MB", "networkPerformance": "200 Gigabit" },
  "c6in.4xlarge": { "memory": "32768 MB", "networkPerformance": "Up to 50 Gigabit" },
  "c6in.8xlarge": { "memory": "65536 MB", "networkPerformance": "50 Gigabit" },
  "c6in.large": { "memory": "4096 MB", "networkPerformance": "Up to 25 Gigabit" },
  "c6in.metal": { "memory": "262144 MB", "networkPerformance": "200 Gigabit" },
  "c6in.xlarge": { "memory": "8192 MB", "networkPerformance": "Up to 30 Gigabit" },
  "c7a.12xlarge": { "memory": "98304 MB", "networkPerformance": "18.75 Gigabit" },
  "c7a.16xlarge": { "memory": "131072 MB", "networkPerformance": "25 Gigabit" },
  "c7a.24xlarge": { "memory": "196608 MB", "networkPerformance": "37.5 Gigabit" },
  "c7a.2xlarge": { "memory": "16384 MB", "networkPerformance": "Up to 12.5 Gigabit" },
  "c7a.32xlarge": { "memory": "262144 MB", "networkPerformance": "50 Gigabit" },
  "c7a.48xlarge": { "memory": "393216 MB", "networkPerformance": "50 Gigabit" },
  "c7a.4xlarge": { "memory": "32768 MB", "networkPerformance": "Up to 12.5 Gigabit" },
  "c7a.8xlarge": { "memory": "65536 MB", "networkPerformance": "12.5 Gigabit" },
  "c7a.large": { "memory": "4096 MB", "networkPerformance": "Up to 12.5 Gigabit" },
  "c7a.medium": { "memory": "2048 MB", "networkPerformance": "Up to 12.5 Gigabit" },
  "c7a.metal-48xl": { "memory": "393216 MB", "networkPerformance": "50 Gigabit" },
  "c7a.xlarge": { "memory": "8192 MB", "networkPerformance": "Up to 12.5 Gigabit" },
  "c7i.12xlarge": { "memory": "98304 MB", "networkPerformance": "18.75 Gigabit" },
  "c7i.16xlarge": { "memory": "131072 MB", "networkPerformance": "25 Gigabit" },
  "c7i.24xlarge": { "memory": "196608 MB", "networkPerformance": "37.5 Gigabit" },
  "c7i.2xlarge": { "memory": "16384 MB", "networkPerformance": "Up to 12.5 Gigabit" },
  "c7i.48xlarge": { "memory": "393216 MB", "networkPerformance": "50 Gigabit" },
  "c7i.4xlarge": { "memory": "32768 MB", "networkPerformance": "Up to 12.5 Gigabit" },
  "c7i.8xlarge": { "memory": "65536 MB", "networkPerformance": "12.5 Gigabit" },
  "c7i.large": { "memory": "4096 MB", "networkPerformance": "Up to 12.5 Gigabit" },
  "c7i.metal-24xl": { "memory": "196608 MB", "networkPerformance": "37.5 Gigabit" },
  "c7i.metal-48xl": { "memory": "393216 MB", "networkPerformance": "50 Gigabit" },
  "c7i.xlarge": { "memory": "8192 MB", "networkPerformance": "Up to 12.5 Gigabit" },
  "d3.2xlarge": { "memory": "65536 MB", "networkPerformance": "Up to 15 Gigabit" },
  "d3.4xlarge": { "memory": "131072 MB", "networkPerformance": "Up to 15 Gigabit" },
  "d3.8xlarge": { "memory": "262144 MB", "networkPerformance": "25 Gigabit" },
  "d3.xlarge": { "memory": "32768 MB", "networkPerformance": "Up to 15 Gigabit" },
  "d3en.12xlarge": { "memory": "196608 MB", "networkPerformance": "75 Gigabit" },
  "d3en.2xlarge": { "memory": "32768 MB", "networkPerformance": "Up to 25 Gigabit" },
  "d3en.4xlarge": { "memory": "65536 MB", "networkPerformance": "25 Gigabit" },
  "d3en.6xlarge": { "memory": "98304 MB", "networkPerformance": "40 Gigabit" },
  "d3en.8xlarge": { "memory": "131072 MB", "networkPerformance": "50 Gigabit" },
  "d3en.xlarge": { "memory": "16384 MB", "networkPerformance": "Up to 25 Gigabit" },
  "dl1.24xlarge": { "memory": "786432 MB", "networkPerformance": "400 Gigabit" },
  "dl2q.24xlarge": { "memory": "786432 MB", "networkPerformance": "100 Gigabit" },
  "g4ad.16xlarge": { "memory": "262144 MB", "networkPerformance": "25 Gigabit" },
  "g4ad.2xlarge": { "memory": "32768 MB", "networkPerformance": "Up to 10 Gigabit" },
  "g4ad.4xlarge": { "memory": "65536 MB", "networkPerformance": "Up to 10 Gigabit" },
  "g4ad.8xlarge": { "memory": "131072 MB", "networkPerformance": "15 Gigabit" },
  "g4ad.xlarge": { "memory": "16384 MB", "networkPerformance": "Up to 10 Gigabit" },
  "g5.12xlarge": { "memory": "196608 MB", "networkPerformance": "40 Gigabit" },
  "g5.16xlarge": { "memory": "262144 MB", "networkPerformance": "25 Gigabit" },
  "g5.24xlarge": { "memory": "393216 MB", "networkPerformance": "50 Gigabit" },
  "g5.2xlarge": { "memory": "32768 MB", "networkPerformance": "Up to 10 Gigabit" },
  "g5.48xlarge": { "memory": "786432 MB", "networkPerformance": "100 Gigabit" },
  "g5.4xlarge": { "memory": "65536 MB", "networkPerformance": "Up to 25 Gigabit" },
  "g5.8xlarge": { "memory": "131072 MB", "networkPerformance": "25 Gigabit" },
  "g5.xlarge": { "memory": "16384 MB", "networkPerformance": "Up to 10 Gigabit" },
  "hpc6a.48xlarge": { "memory": "393216 MB", "networkPerformance": "25 Gigabit" },
  "hpc6id.32xlarge": { "memory": "1048576 MB", "networkPerformance": "25 Gigabit" },
  "hpc7a.12xlarge": { "memory": "786432 MB", "networkPerformance": "25 Gigabit" },
  "hpc7a.24xlarge": { "memory": "786432 MB", "networkPerformance": "25 Gigabit" },
  "hpc7a.48xlarge": { "memory": "786432 MB", "networkPerformance": "25 Gigabit" },
  "hpc7a.96xlarge": { "memory": "786432 MB", "networkPerformance": "25 Gigabit" },
  "i4i.12xlarge": { "memory": "393216 MB", "networkPerformance": "28.12 Gigabit" },
  "i4i.16xlarge": { "memory": "524288 MB", "networkPerformance": "37.5 Gigabit" },
  "i4i.24xlarge": { "memory": "786432 MB", "networkPerformance": "56.25 Gigabit" },
  "i4i.2xlarge": { "memory": "65536 MB", "networkPerformance": "Up to 12 Gigabit" },
  "i4i.32xlarge": { "memory": "1048576 MB", "networkPerformance": "75 Gigabit" },
  "i4i.4xlarge": { "memory": "131072 MB", "networkPerformance": "Up to 25 Gigabit" },
  "i4i.8xlarge": { "memory": "262144 MB", "networkPerformance": "18.75 Gigabit" },
  "i4i.large": { "memory": "16384 MB", "networkPerformance": "Up to 10 Gigabit" },
  "i4i.metal": { "memory": "1048576 MB", "networkPerformance": "75 Gigabit" },
  "i4i.xlarge": { "memory": "32768 MB", "networkPerformance": "Up to 10 Gigabit" },
  "inf2.24xlarge": { "memory": "393216 MB", "networkPerformance": "50 Gigabit" },
  "inf2.48xlarge": { "memory": "786432 MB", "networkPerformance": "100 Gigabit" },
  "inf2.8xlarge": { "memory": "131072 MB", "networkPerformance": "Up to 25 Gigabit" },
  "inf2.xlarge": { "memory": "16384 MB", "networkPerformance": "Up to 15 Gigabit" },
  "Is4gen.2xlarge": { "memory": "49152 MB", "networkPerformance": "Up to 25 Gigabit" },
  "Is4gen.4xlarge": { "memory": "98304 MB", "networkPerformance": "25 Gigabit" },
  "Is4gen.8xlarge": { "memory": "196608 MB", "networkPerformance": "50 Gigabit" },
  "Is4gen.large": { "memory": "12288 MB", "networkPerformance": "Up to 25 Gigabit" },
  "Is4gen.medium": { "memory": "6144 MB", "networkPerformance": "Up to 25 Gigabit" },
  "Is4gen.xlarge": { "memory": "24576 MB", "networkPerformance": "Up to 25 Gigabit" },
  "m5zn.12xlarge": { "memory": "196608 MB", "networkPerformance": "100 Gigabit" },
  "m5zn.2xlarge": { "memory": "32768 MB", "networkPerformance": "Up to 25 Gigabit" },
  "m5zn.3xlarge": { "memory": "49152 MB", "networkPerformance": "Up to 25 Gigabit" },
  "m5zn.6xlarge": { "memory": "98304 MB", "networkPerformance": "50 Gigabit" },
  "m5zn.large": { "memory": "8192 MB", "networkPerformance": "Up to 25 Gigabit" },
  "m5zn.metal": { "memory": "196608 MB", "networkPerformance": "100 Gigabit" },
  "m5zn.xlarge": { "memory": "16384 MB", "networkPerformance": "Up to 25 Gigabit" },
  "m6a.12xlarge": { "memory": "196608 MB", "networkPerformance": "18.75 Gigabit" },
  "m6a.16xlarge": { "memory": "262144 MB", "networkPerformance": "25 Gigabit" },
  "m6a.24xlarge": { "memory": "393216 MB", "networkPerformance": "37.5 Gigabit" },
  "m6a.2xlarge": { "memory": "32768 MB", "networkPerformance": "Up to 12.5 Gigabit" },
  "m6a.32xlarge": { "memory": "524288 MB", "networkPerformance": "50 Gigabit" },
  "m6a.48xlarge": { "memory": "786432 MB", "networkPerformance": "50 Gigabit" },
  "m6a.4xlarge": { "memory": "65536 MB", "networkPerformance": "Up to 12.5 Gigabit" },
  "m6a.8xlarge": { "memory": "131072 MB", "networkPerformance": "12.5 Gigabit" },
  "m6a.large": { "memory": "8192 MB", "networkPerformance": "Up to 12.5 Gigabit" },
  "m6a.metal": { "memory": "786432 MB", "networkPerformance": "50 Gigabit" },
  "m6a.xlarge": { "memory": "16384 MB", "networkPerformance": "Up to 12.5 Gigabit" },
  "m6i.12xlarge": { "memory": "196608 MB", "networkPerformance": "18.75 Gigabit" },
  "m6i.16xlarge": { "memory": "262144 MB", "networkPerformance": "25 Gigabit" },
  "m6i.24xlarge": { "memory": "393216 MB", "networkPerformance": "37.5 Gigabit" },
  "m6i.2xlarge": { "memory": "32768 MB", "networkPerformance": "Up to 12.5 Gigabit" },
  "m6i.32xlarge": { "memory": "524288 MB", "networkPerformance": "50 Gigabit" },
  "m6i.4xlarge": { "memory": "65536 MB", "networkPerformance": "Up to 12.5 Gigabit" },
  "m6i.8xlarge": { "memory": "131072 MB", "networkPerformance": "12.5 Gigabit" },
  "m6i.large": { "memory": "8192 MB", "networkPerformance": "Up to 12.5 Gigabit" },
  "m6i.metal": { "memory": "524288 MB", "networkPerformance": "50 Gigabit" },
  "m6i.xlarge": { "memory": "16384 MB", "networkPerformance": "Up to 12.5 Gigabit" },
  "m6id.12xlarge": { "memory": "196608 MB", "networkPerformance": "18.75 Gigabit" },
  "m6id.16xlarge": { "memory": "262144 MB", "networkPerformance": "25 Gigabit" },
  "m6id.24xlarge": { "memory": "393216 MB", "networkPerformance": "37.5 Gigabit" },
  "m6id.2xlarge": { "memory": "32768 MB", "networkPerformance": "Up to 12.5 Gigabit" },
  "m6id.32xlarge": { "memory": "524288 MB", "networkPerformance": "50 Gigabit" },
  "m6id.4xlarge": { "memory": "65536 MB", "networkPerformance": "Up to 12.5 Gigabit" },
  "m6id.8xlarge": { "memory": "131072 MB", "networkPerformance": "12.5 Gigabit" },
  "m6id.large": { "memory": "8192 MB", "networkPerformance": "Up to 12.5 Gigabit" },
  "m6id.metal": { "memory": "524288 MB", "networkPerformance": "50 Gigabit" },
  "m6id.xlarge": { "memory": "16384 MB", "networkPerformance": "Up to 12.5 Gigabit" },
  "m6idn.12xlarge": { "memory": "196608 MB", "networkPerformance": "75 Gigabit" },
  "m6idn.16xlarge": { "memory": "262144 MB", "networkPerformance": "100 Gigabit" },
  "m6idn.24xlarge": { "memory": "393216 MB", "networkPerformance": "150 Gigabit" },
  "m6idn.2xlarge": { "memory": "32768 MB", "networkPerformance": "Up to 40 Gigabit" },
  "m6idn.32xlarge": { "memory": "524288 MB", "networkPerformance": "200 Gigabit" },
  "m6idn.4xlarge": { "memory": "65536 MB", "networkPerformance": "Up to 50 Gigabit" },
  "m6idn.8xlarge": { "memory": "131072 MB", "networkPerformance": "50 Gigabit" },
  "m6idn.large": { "memory": "8192 MB", "networkPerformance": "Up to 25 Gigabit" },
  "m6idn.metal": { "memory": "524288 MB", "networkPerformance": "200 Gigabit" },
  "m6idn.xlarge": { "memory": "16384 MB", "networkPerformance": "Up to 30 Gigabit" },
  "m6in.12xlarge": { "memory": "196608 MB", "networkPerformance": "75 Gigabit" },
  "m6in.16xlarge": { "memory": "262144 MB", "networkPerformance": "100 Gigabit" },
  "m6in.24xlarge": { "memory": "393216 MB", "networkPerformance": "150 Gigabit" },
  "m6in.2xlarge": { "memory": "32768 MB", "networkPerformance": "Up to 40 Gigabit" },
  "m6in.32xlarge": { "memory": "524288 MB", "networkPerformance": "200 Gigabit" },
  "m6in.4xlarge": { "memory": "65536 MB", "networkPerformance": "Up to 50 Gigabit" },
  "m6in.8xlarge": { "memory": "131072 MB", "networkPerformance": "50 Gigabit" },
  "m6in.large": { "memory": "8192 MB", "networkPerformance": "Up to 25 Gigabit" },
  "m6in.metal": { "memory": "524288 MB", "networkPerformance": "200 Gigabit" },
  "m6in.xlarge": { "memory": "16384 MB", "networkPerformance": "Up to 30 Gigabit" },
  "m7a.12xlarge": { "memory": "196608 MB", "networkPerformance": "18.75 Gigabit" },
  "m7a.16xlarge": { "memory": "262144 MB", "networkPerformance": "25 Gigabit" },
  "m7a.24xlarge": { "memory": "393216 MB", "networkPerformance": "37.5 Gigabit" },
  "m7a.2xlarge": { "memory": "32768 MB", "networkPerformance": "Up to 12.5 Gigabit" },
  "m7a.32xlarge": { "memory": "524288 MB", "networkPerformance": "50 Gigabit" },
  "m7a.48xlarge": { "memory": "786432 MB", "networkPerformance": "50 Gigabit" },
  "m7a.4xlarge": { "memory": "65536 MB", "networkPerformance": "Up to 12.5 Gigabit" },
  "m7a.8xlarge": { "memory": "131072 MB", "networkPerformance": "12.5 Gigabit" },
  "m7a.large": { "memory": "8192 MB", "networkPerformance": "Up to 12.5 Gigabit" },
  "m7a.medium": { "memory": "4096 MB", "networkPerformance": "Up to 12.5 Gigabit" },
  "m7a.metal-48xl": { "memory": "786432 MB", "networkPerformance": "50 Gigabit" },
  "m7a.xlarge": { "memory": "16384 MB", "networkPerformance": "Up to 12.5 Gigabit" },
  "m7i-flex.2xlarge": { "memory": "32768 MB", "networkPerformance": "Up to 12.5 Gigabit" },
  "m7i-flex.4xlarge": { "memory": "65536 MB", "networkPerformance": "Up to 12.5 Gigabit" },
  "m7i-flex.8xlarge": { "memory": "131072 MB", "networkPerformance": "Up to 12.5 Gigabit" },
  "m7i-flex.large": { "memory": "8192 MB", "networkPerformance": "Up to 12.5 Gigabit" },
  "m7i-flex.xlarge": { "memory": "16384 MB", "networkPerformance": "Up to 12.5 Gigabit" },
  "m7i.12xlarge": { "memory": "196608 MB", "networkPerformance": "18.75 Gigabit" },
  "m7i.16xlarge": { "memory": "262144 MB", "networkPerformance": "25 Gigabit" },
  "m7i.24xlarge": { "memory": "393216 MB", "networkPerformance": "37.5 Gigabit" },
  "m7i.2xlarge": { "memory": "32768 MB", "networkPerformance": "Up to 12.5 Gigabit" },
  "m7i.48xlarge": { "memory": "786432 MB", "networkPerformance": "50 Gigabit" },
  "m7i.4xlarge": { "memory": "65536 MB", "networkPerformance": "Up to 12.5 Gigabit" },
  "m7i.8xlarge": { "memory": "131072 MB", "networkPerformance": "12.5 Gigabit" },
  "m7i.large": { "memory": "8192 MB", "networkPerformance": "Up to 12.5 Gigabit" },
  "m7i.metal-24xl": { "memory": "393216 MB", "networkPerformance": "37.5 Gigabit" },
  "m7i.metal-48xl": { "memory": "786432 MB", "networkPerformance": "50 Gigabit" },
  "m7i.xlarge": { "memory": "16384 MB", "networkPerformance": "Up to 12.5 Gigabit" },
  "p5.48xlarge": { "memory": "2048 GB", "networkPerformance": "3200 Gigabit" },
  "r5b.12xlarge": { "memory": "393216 MB", "networkPerformance": "10 Gigabit" },
  "r5b.16xlarge": { "memory": "524288 MB", "networkPerformance": "20 Gigabit" },
  "r5b.24xlarge": { "memory": "786432 MB", "networkPerformance": "25 Gigabit" },
  "r5b.2xlarge": { "memory": "65536 MB", "networkPerformance": "Up to 10 Gigabit" },
  "r5b.4xlarge": { "memory": "131072 MB", "networkPerformance": "Up to 10 Gigabit" },
  "r5b.8xlarge": { "memory": "262144 MB", "networkPerformance": "10 Gigabit" },
  "r5b.large": { "memory": "16384 MB", "networkPerformance": "Up to 10 Gigabit" },
  "r5b.metal": { "memory": "786432 MB", "networkPerformance": "25 Gigabit" },
  "r5b.xlarge": { "memory": "32768 MB", "networkPerformance": "Up to 10 Gigabit" },
  "r5n.metal": { "memory": "786432 MB", "networkPerformance": "100 Gigabit" },
  "r6a.12xlarge": { "memory": "393216 MB", "networkPerformance": "18.75 Gigabit" },
  "r6a.16xlarge": { "memory": "524288 MB", "networkPerformance": "25 Gigabit" },
  "r6a.24xlarge": { "memory": "786432 MB", "networkPerformance": "37.5 Gigabit" },
  "r6a.2xlarge": { "memory": "65536 MB", "networkPerformance": "Up to 12.5 Gigabit" },
  "r6a.32xlarge": { "memory": "1048576 MB", "networkPerformance": "50 Gigabit" },
  "r6a.48xlarge": { "memory": "1572864 MB", "networkPerformance": "50 Gigabit" },
  "r6a.4xlarge": { "memory": "131072 MB", "networkPerformance": "Up to 12.5 Gigabit" },
  "r6a.8xlarge": { "memory": "262144 MB", "networkPerformance": "12.5 Gigabit" },
  "r6a.large": { "memory": "16384 MB", "networkPerformance": "Up to 12.5 Gigabit" },
  "r6a.metal": { "memory": "1572864 MB", "networkPerformance": "50 Gigabit" },
  "r6a.xlarge": { "memory": "32768 MB", "networkPerformance": "Up to 12.5 Gigabit" },
  "r6i.12xlarge": { "memory": "393216 MB", "networkPerformance": "18.75 Gigabit" },
  "r6i.16xlarge": { "memory": "524288 MB", "networkPerformance": "25 Gigabit" },
  "r6i.24xlarge": { "memory": "786432 MB", "networkPerformance": "37.5 Gigabit" },
  "r6i.2xlarge": { "memory": "65536 MB", "networkPerformance": "Up to 12.5 Gigabit" },
  "r6i.32xlarge": { "memory": "1048576 MB", "networkPerformance": "50 Gigabit" },
  "r6i.4xlarge": { "memory": "131072 MB", "networkPerformance": "Up to 12.5 Gigabit" },
  "r6i.8xlarge": { "memory": "262144 MB", "networkPerformance": "12.5 Gigabit" },
  "r6i.large": { "memory": "16384 MB", "networkPerformance": "Up to 12.5 Gigabit" },
  "r6i.metal": { "memory": "1048576 MB", "networkPerformance": "50 Gigabit" },
  "r6i.xlarge": { "memory": "32768 MB", "networkPerformance": "Up to 12.5 Gigabit" },
  "r6id.12xlarge": { "memory": "393216 MB", "networkPerformance": "18.75 Gigabit" },
  "r6id.16xlarge": { "memory": "524288 MB", "networkPerformance": "25 Gigabit" },
  "r6id.24xlarge": { "memory": "786432 MB", "networkPerformance": "37.5 Gigabit" },
  "r6id.2xlarge": { "memory": "65536 MB", "networkPerformance": "Up to 12.5 Gigabit" },
  "r6id.32xlarge": { "memory": "1048576 MB", "networkPerformance": "50 Gigabit" },
  "r6id.4xlarge": { "memory": "131072 MB", "networkPerformance": "Up to 12.5 Gigabit" },
  "r6id.8xlarge": { "memory": "262144 MB", "networkPerformance": "12.5 Gigabit" },
  "r6id.large": { "memory": "16384 MB", "networkPerformance": "Up to 12.5 Gigabit" },
  "r6id.metal": { "memory": "1048576 MB", "networkPerformance": "50 Gigabit" },
  "r6id.xlarge": { "memory": "32768 MB", "networkPerformance": "Up to 12.5 Gigabit" },
  "r6idn.12xlarge": { "memory": "393216 MB", "networkPerformance": "75 Gigabit" },
  "r6idn.16xlarge": { "memory": "524288 MB", "networkPerformance": "100 Gigabit" },
  "r6idn.24xlarge": { "memory": "786432 MB", "networkPerformance": "150 Gigabit" },
  "r6idn.2xlarge": { "memory": "65536 MB", "networkPerformance": "Up to 40 Gigabit" },
  "r6idn.32xlarge": { "memory": "1048576 MB", "networkPerformance": "200 Gigabit" },
  "r6idn.4xlarge": { "memory": "131072 MB", "networkPerformance": "Up to 50 Gigabit" },
  "r6idn.8xlarge": { "memory": "262144 MB", "networkPerformance": "50 Gigabit" },
  "r6idn.large": { "memory": "16384 MB", "networkPerformance": "Up to 25 Gigabit" },
  "r6idn.metal": { "memory": "1048576 MB", "networkPerformance": "200 Gigabit" },
  "r6idn.xlarge": { "memory": "32768 MB", "networkPerformance": "Up to 30 Gigabit" },
  "r6in.12xlarge": { "memory": "393216 MB", "networkPerformance": "75 Gigabit" },
  "r6in.16xlarge": { "memory": "524288 MB", "networkPerformance": "100 Gigabit" },
  "r6in.24xlarge": { "memory": "786432 MB", "networkPerformance": "150 Gigabit" },
  "r6in.2xlarge": { "memory": "65536 MB", "networkPerformance": "Up to 40 Gigabit" },
  "r6in.32xlarge": { "memory": "1048576 MB", "networkPerformance": "200 Gigabit" },
  "r6in.4xlarge": { "memory": "131072 MB", "networkPerformance": "Up to 50 Gigabit" },
  "r6in.8xlarge": { "memory": "262144 MB", "networkPerformance": "50 Gigabit" },
  "r6in.large": { "memory": "16384 MB", "networkPerformance": "Up to 25 Gigabit" },
  "r6in.metal": { "memory": "1048576 MB", "networkPerformance": "200 Gigabit" },
  "r6in.xlarge": { "memory": "32768 MB", "networkPerformance": "Up to 30 Gigabit" },
  "r7a.12xlarge": { "memory": "393216 MB", "networkPerformance": "18.75 Gigabit" },
  "r7a.16xlarge": { "memory": "524288 MB", "networkPerformance": "25 Gigabit" },
  "r7a.24xlarge": { "memory": "786432 MB", "networkPerformance": "37.5 Gigabit" },
  "r7a.2xlarge": { "memory": "65536 MB", "networkPerformance": "Up to 12.5 Gigabit" },
  "r7a.32xlarge": { "memory": "1048576 MB", "networkPerformance": "50 Gigabit" },
  "r7a.48xlarge": { "memory": "1572864 MB", "networkPerformance": "50 Gigabit" },
  "r7a.4xlarge": { "memory": "131072 MB", "networkPerformance": "Up to 12.5 Gigabit" },
  "r7a.8xlarge": { "memory": "262144 MB", "networkPerformance": "12.5 Gigabit" },
  "r7a.large": { "memory": "16384 MB", "networkPerformance": "Up to 12.5 Gigabit" },
  "r7a.medium": { "memory": "8192 MB", "networkPerformance": "Up to 12.5 Gigabit" },
  "r7a.metal-48xl": { "memory": "1572864 MB", "networkPerformance": "50 Gigabit" },
  "r7a.xlarge": { "memory": "32768 MB", "networkPerformance": "Up to 12.5 Gigabit" },
  "r7i.12xlarge": { "memory": "393216 MB", "networkPerformance": "18.75 Gigabit" },
  "r7i.16xlarge": { "memory": "524288 MB", "networkPerformance": "25 Gigabit" },
  "r7i.24xlarge": { "memory": "786432 MB", "networkPerformance": "37.5 Gigabit" },
  "r7i.2xlarge": { "memory": "65536 MB", "networkPerformance": "Up to 12.5 Gigabit" },
  "r7i.48xlarge": { "memory": "1572864 MB", "networkPerformance": "50 Gigabit" },
  "r7i.4xlarge": { "memory": "131072 MB", "networkPerformance": "Up to 12.5 Gigabit" },
  "r7i.8xlarge": { "memory": "262144 MB", "networkPerformance": "12.5 Gigabit" },
  "r7i.large": { "memory": "16384 MB", "networkPerformance": "Up to 12.5 Gigabit" },
  "r7i.metal-24xl": { "memory": "786432 MB", "networkPerformance": "37.5 Gigabit" },
  "r7i.metal-48xl": { "memory": "1572864 MB", "networkPerformance": "50 Gigabit" },
  "r7i.xlarge": { "memory": "32768 MB", "networkPerformance": "Up to 12.5 Gigabit" },
  "r7iz.12xlarge": { "memory": "393216 MB", "networkPerformance": "25 Gigabit" },
  "r7iz.16xlarge": { "memory": "524288 MB", "networkPerformance": "25 Gigabit" },
  "r7iz.2xlarge": { "memory": "65536 MB", "networkPerformance": "Up to 12.5 Gigabit" },
  "r7iz.32xlarge": { "memory": "1048576 MB", "networkPerformance": "50 Gigabit" },
  "r7iz.4xlarge": { "memory": "131072 MB", "networkPerformance": "Up to 12.5 Gigabit" },
  "r7iz.8xlarge": { "memory": "262144 MB", "networkPerformance": "12.5 Gigabit" },
  "r7iz.large": { "memory": "16384 MB", "networkPerformance": "Up to 12.5 Gigabit" },
  "r7iz.metal-16xl": { "memory": "524288 MB", "networkPerformance": "25 Gigabit" },
  "r7iz.metal-32xl": { "memory": "1048576 MB", "networkPerformance": "50 Gigabit" },
  "r7iz.xlarge": { "memory": "32768 MB", "networkPerformance": "Up to 12.5 Gigabit" },
  "trn1.2xl": { "memory": "32768 MB", "networkPerformance": "Up to 12.5 Gigabit" },
  "trn1.32xl": { "memory": "524288 MB", "networkPerformance": "800 Gigabit" },
  "trn1n32.xl": { "memory": "524288 MB", "networkPerformance": "1600 Gigabit" },
  "u-12tb1.112xlarge": { "memory": "12582912 MB", "networkPerformance": "100 Gigabit" },
  "u-12tb1.metal**": { "memory": "12582912 MB", "networkPerformance": "100 Gigabit" },
  "u-18tb1.112xlarge": { "memory": "18874368 MB", "networkPerformance": "100 Gigabit" },
  "u-18tb1.metal": { "memory": "18874368 MB", "networkPerformance": "100 Gigabit" },
  "u-24tb1.112xlarge": { "memory": "25165824 MB", "networkPerformance": "100 Gigabit" },
  "u-24tb1.metal": { "memory": "25165824 MB", "networkPerformance": "100 Gigabit" },
  "u-3tb1.56xlarge": { "memory": "3145728 MB", "networkPerformance": "50 Gigabit" },
  "u-6tb1.112xlarge": { "memory": "6291456 MB", "networkPerformance": "100 Gigabit" },
  "u-6tb1.56xlarge": { "memory": "6291456 MB", "networkPerformance": "100 Gigabit" },
  "u-6tb1.metal**": { "memory": "6291456 MB", "networkPerformance": "100 Gigabit" },
  "u-9tb1.112xlarge": { "memory": "9437184 MB", "networkPerformance": "100 Gigabit" },
  "u-9tb1.metal**": { "memory": "9437184 MB", "networkPerformance": "100 Gigabit" },
  "vt1.24xlarge": { "memory": "196608 MB", "networkPerformance": "25 Gigabit" },
  "vt1.3xlarge": { "memory": "24576 MB", "networkPerformance": "3.125 Gigabit" },
  "vt1.6xlarge": { "memory": "49152 MB", "networkPerformance": "6.25 Gigabit" },
  "x2idn.16xlarge": { "memory": "1048576 MB", "networkPerformance": "50 Gigabit" },
  "x2idn.24xlarge": { "memory": "1572864 MB", "networkPerformance": "75 Gigabit" },
  "x2idn.32xlarge": { "memory": "2097152 MB", "networkPerformance": "100 Gigabit" },
  "x2idn.metal": { "memory": "2097152 MB", "networkPerformance": "100 Gigabit" },
  "x2iedn.16xlarge": { "memory": "2097152 MB", "networkPerformance": "50 Gigabit" },
  "x2iedn.24xlarge": { "memory": "3145728 MB", "networkPerformance": "75 Gigabit" },
  "x2iedn.2xlarge": { "memory": "262144 MB", "networkPerformance": "Up to 25 Gigabit" },
  "x2iedn.32xlarge": { "memory": "4194304 MB", "networkPerformance": "100 Gigabit" },
  "x2iedn.4xlarge": { "memory": "524288 MB", "networkPerformance": "Up to 25 Gigabit" },
  "x2iedn.8xlarge": { "memory": "1048576 MB", "networkPerformance": "25 Gigabit" },
  "x2iedn.metal": { "memory": "4194304 MB", "networkPerformance": "100 Gigabit" },
  "x2iedn.xlarge": { "memory": "131072 MB", "networkPerformance": "Up to 25 Gigabit" },
  "x2iezn.12xlarge": { "memory": "1572864 MB", "networkPerformance": "100 Gigabit" },
  "x2iezn.2xlarge": { "memory": "262144 MB", "networkPerformance": "Up to 25 Gigabit" },
  "x2iezn.4xlarge": { "memory": "524288 MB", "networkPerformance": "Up to 25 Gigabit" },
  "x2iezn.6xlarge": { "memory": "786432 MB", "networkPerformance": "50 Gigabit" },
  "x2iezn.8xlarge": { "memory": "1048576 MB", "networkPerformance": "75 Gigabit" },
  "x2iezn.metal": { "memory": "1572864 MB", "networkPerformance": "100 Gigabit" }
}